tournament_name,slug,tour_id,date_range,num_games,num_rounds,time_control_fide,time_control_pgn_top,designated_elite,source_url,pgn_export_url_pattern
GCT: Super Rapid & Blitz Poland 2026 | Blitz,gct-super-rapid--blitz-poland-2026--blitz,aOIR4BIM,2026-05-08 -- 2026-05-09,6,18,blitz,"5+2 (5), ? (1)",True,https://lichess.org/broadcast/gct-super-rapid--blitz-poland-2026--blitz/aOIR4BIM,https://lichess.org/api/study/{roundId}.pgn
WR Women's Chess Tour 2026 Asia - Online Qualifier,wr-womens-chess-tour-2026-asia-online-qualifier,Kivdql4k,2026-05-06 -- 2026-05-06,16,14,standard,"180+2 (14), 240+0 (2)",True,https://lichess.org/broadcast/wr-womens-chess-tour-2026-asia-online-qualifier/Kivdql4k,https://lichess.org/api/study/{roundId}.pgn
GCT: Super Rapid & Blitz Poland 2026 | Rapid,gct-super-rapid--blitz-poland-2026--rapid,80nj8Ryn,2026-05-05 -- 2026-05-07,45,9,rapid,25+10 (45),True,https://lichess.org/broadcast/gct-super-rapid--blitz-poland-2026--rapid/80nj8Ryn,https://lichess.org/api/study/{roundId}.pgn
Sardinia World Chess Festival 2026 | Open A,sardinia-world-chess-festival-2026--open-a,G3eiCPRh,2026-05-03 -- 2026-05-10,156,9,standard,"90+30 (155), ? (1)",True,https://lichess.org/broadcast/sardinia-world-chess-festival-2026--open-a/G3eiCPRh,https://lichess.org/api/study/{roundId}.pgn
TePe Sigeman & Co Chess Tournament 2026,tepe-sigeman--co-chess-tournament-2026,1X75mYa7,2026-05-01 -- 2026-05-07,25,7,standard,"90 minutes for 40 moves + 30 minutes for the rest of the game + 30 seconds per move from move one. (24), ? (1)",True,https://lichess.org/broadcast/tepe-sigeman--co-chess-tournament-2026/1X75mYa7,https://lichess.org/api/study/{roundId}.pgn
European Individual Chess Championship 2026 | Boards 1-66,european-individual-chess-championship-2026--boards-1-66,JWIgkNkS,2026-04-07 -- 2026-04-19,726,11,standard,90 + 30/40 + 30 (726),True,https://lichess.org/broadcast/european-individual-chess-championship-2026--boards-1-66/JWIgkNkS,https://lichess.org/api/study/{roundId}.pgn
FIDE Candidates 2026: Open,fide-candidates-2026-open,BLA70Vds,2026-03-29 -- 2026-04-15,56,14,standard,"120 minutes for the first 40 moves, followed by 30 minutes for the rest of the game with an increment of 30 seconds per move starting from move 41. (56)",True,https://lichess.org/broadcast/fide-candidates-2026-open/BLA70Vds,https://lichess.org/api/study/{roundId}.pgn
Queens' Online Chess Festival 2026 | Finals,queens-online-chess-festival-2026--finals,nwMnev3M,2026-03-29 -- 2026-03-29,28,7,standard,300+5 (28),True,https://lichess.org/broadcast/queens-online-chess-festival-2026--finals/nwMnev3M,https://lichess.org/api/study/{roundId}.pgn
Reykjavik Open 2026,reykjavik-open-2026,n2SqDcWh,2026-03-25 -- 2026-03-31,449,9,standard,90+30 sec + 15 min+30sec (449),True,https://lichess.org/broadcast/reykjavik-open-2026/n2SqDcWh,https://lichess.org/api/study/{roundId}.pgn
Queens' Online Chess Festival | Semi-Final,queens-online-chess-festival--semi-final,QOSjKJd1,2026-03-22 -- 2026-03-22,307,9,standard,180+2 (307),True,https://lichess.org/broadcast/queens-online-chess-festival--semi-final/QOSjKJd1,https://lichess.org/api/study/{roundId}.pgn
Hikaru Nakamura - Awonder Liang Training Match,hikaru-nakamura-awonder-liang-training-match,hX6pwe1V,2026-03-13 -- 2026-03-15,10,10,standard,? (10),True,https://lichess.org/broadcast/hikaru-nakamura-awonder-liang-training-match/hX6pwe1V,https://lichess.org/api/study/{roundId}.pgn
Prague International Chess Festival 2026 | Masters,prague-international-chess-festival-2026--masters,6u6ftFhp,2026-02-25 -- 2026-03-06,45,9,standard,40/5400+30:1800+30 (45),True,https://lichess.org/broadcast/prague-international-chess-festival-2026--masters/6u6ftFhp,https://lichess.org/api/study/{roundId}.pgn
2026 Saint Louis Masters,2026-saint-louis-masters,6UkdBX8x,2026-02-25 -- 2026-03-01,303,9,standard,90+30 (303),True,https://lichess.org/broadcast/2026-saint-louis-masters/6UkdBX8x,https://lichess.org/api/study/{roundId}.pgn
FIDE Freestyle Chess World Championship 2026 | Finals,fide-freestyle-chess-world-championship-2026--finals,uewg0GKW,2026-02-15 -- 2026-02-15,13,4,rapid,25+10 (13),True,https://lichess.org/broadcast/fide-freestyle-chess-world-championship-2026--finals/uewg0GKW,https://lichess.org/api/study/{roundId}.pgn
Chess.com Speed Chess Championship 2025 | Finals,chesscom-speed-chess-championship-2025--finals,mWEaMJtD,2026-02-08 -- 2026-02-08,53,2,blitz,"180+1 (18), 60+1 (18), 300+1 (17)",True,https://lichess.org/broadcast/chesscom-speed-chess-championship-2025--finals/mWEaMJtD,https://lichess.org/api/study/{roundId}.pgn
Tata Steel Chess 2026 | Masters,tata-steel-chess-2026--masters,3COxSfdj,2026-01-17 -- 2026-02-01,91,13,standard,? (91),True,https://lichess.org/broadcast/tata-steel-chess-2026--masters/3COxSfdj,https://lichess.org/api/study/{roundId}.pgn
German Bundesliga 2025/26,german-bundesliga-202526,Y9YjcDKG,2025-09-27 -- 2026-04-26,960,15,standard,"? (832), 90+30/30+30 (64), 90 min 40 moves + 30 min Rest + 30 sec per move (32)",True,https://lichess.org/broadcast/german-bundesliga-202526/Y9YjcDKG,https://lichess.org/api/study/{roundId}.pgn
Norway Chess 2025 | Open,norway-chess-2025--open,PcsMbQ9J,2025-05-26 -- 2025-06-06,45,20,standard,? (45),True,https://lichess.org/broadcast/norway-chess-2025--open/PcsMbQ9J,https://lichess.org/api/study/{roundId}.pgn
Tata Steel Chess 2025 | Masters,tata-steel-chess-2025--masters,jR0BiOwR,2025-01-18 -- 2025-02-02,94,14,standard,"? (87), 5400:40+30;1800+30 (7)",True,https://lichess.org/broadcast/tata-steel-chess-2025--masters/jR0BiOwR,https://lichess.org/api/study/{roundId}.pgn
FIDE World Championship 2024,fide-world-championship-2024,n3yHJI5Y,2024-11-25 -- 2024-12-12,14,14,standard,40/7200:1800+30 (14),True,https://lichess.org/broadcast/fide-world-championship-2024/n3yHJI5Y,https://lichess.org/api/study/{roundId}.pgn
45th Chess Olympiad Budapest 2024 | Open I,45th-chess-olympiad-budapest-2024--open-i,wYigbpXq,2024-09-11 -- 2024-09-22,893,11,standard,"40/5400+30:1800+30 (533), 40/5400+30:1800+30\"" (216), 40/5400+30:1800 (144)",True,https://lichess.org/broadcast/45th-chess-olympiad-budapest-2024--open-i/wYigbpXq,https://lichess.org/api/study/{roundId}.pgn
Norway Chess 2024 | Open,norway-chess-2024--open,qkY2yAcs,2024-05-27 -- 2024-06-07,51,10,,? (51),True,https://lichess.org/broadcast/norway-chess-2024--open/qkY2yAcs,https://lichess.org/api/study/{roundId}.pgn
FIDE Candidates 2024 | Open,fide-candidates-2024--open,wEuVhT9c,2024-04-04 -- 2024-04-21,56,14,,40/7200:1800+30 (56),True,https://lichess.org/broadcast/fide-candidates-2024--open/wEuVhT9c,https://lichess.org/api/study/{roundId}.pgn
Tata Steel Challengers 2024,tata-steel-challengers-2024,4UzpV67P,2024-01-13 -- 2024-01-28,91,13,,? (91),True,https://lichess.org/broadcast/tata-steel-challengers-2024/4UzpV67P,https://lichess.org/api/study/{roundId}.pgn
Tata Steel Masters 2024,tata-steel-masters-2024,ycy5D2r8,2024-01-13 -- 2024-01-28,98,14,,? (98),True,https://lichess.org/broadcast/tata-steel-masters-2024/ycy5D2r8,https://lichess.org/api/study/{roundId}.pgn
2024 Tata Steel Chess Masters,2024-tata-steel-chess-masters,GnIcjcw9,2024-01-13 -- 2024-01-27,2,12,,? (2),True,https://lichess.org/broadcast/2024-tata-steel-chess-masters/GnIcjcw9,https://lichess.org/api/study/{roundId}.pgn
Sinquefield Cup 2023,sinquefield-cup-2023,ZbeQFkEN,2023-11-21 -- 2023-11-30,38,9,,? (38),True,https://lichess.org/broadcast/sinquefield-cup-2023/ZbeQFkEN,https://lichess.org/api/study/{roundId}.pgn
FIDE Women's Grand Swiss 2023,fide-womens-grand-swiss-2023,iSgc00KJ,2023-10-25 -- 2023-11-05,273,11,,40/90 + 30 + 30s/move (273),True,https://lichess.org/broadcast/fide-womens-grand-swiss-2023/iSgc00KJ,https://lichess.org/api/study/{roundId}.pgn
FIDE Grand Swiss 2023,fide-grand-swiss-2023,4iQF8XHP,2023-10-25 -- 2023-10-25,57,1,,40/90 + 30 + 30s/move (57),True,https://lichess.org/broadcast/fide-grand-swiss-2023/4iQF8XHP,https://lichess.org/api/study/{roundId}.pgn
FIDE World Cup 2023 Open Section,fide-world-cup-2023-open-section,l40HBYGJ,2023-07-30 -- 2023-08-24,673,24,,? (673),True,https://lichess.org/broadcast/fide-world-cup-2023-open-section/l40HBYGJ,https://lichess.org/api/study/{roundId}.pgn
Norway Chess 2023,norway-chess-2023,uDHUmPnc,2023-05-30 -- 2023-06-09,6,9,,? (6),True,https://lichess.org/broadcast/norway-chess-2023/uDHUmPnc,https://lichess.org/api/study/{roundId}.pgn
Superbet Chess Classic Romania,superbet-chess-classic-romania,Rm7LoQ5F,2023-05-08 -- 2023-05-15,1,7,,? (1),True,https://lichess.org/broadcast/superbet-chess-classic-romania/Rm7LoQ5F,https://lichess.org/api/study/{roundId}.pgn
FIDE Candidates Tournament 2022,fide-candidates-tournament-2022,eSO2D5sq,2023-04-17 -- 2023-04-17,4,1,,? (4),True,https://lichess.org/broadcast/fide-candidates-tournament-2022/eSO2D5sq,https://lichess.org/api/study/{roundId}.pgn
Fischer Random World Championship 2022,fischer-random-world-championship-2022,JzAwckZ5,2023-04-16 -- 2023-04-16,1,1,,? (1),True,https://lichess.org/broadcast/fischer-random-world-championship-2022/JzAwckZ5,https://lichess.org/api/study/{roundId}.pgn
2022 Speed Chess Championship,2022-speed-chess-championship,axGlUHxN,2023-04-15 -- 2023-04-15,2,1,,? (2),True,https://lichess.org/broadcast/2022-speed-chess-championship/axGlUHxN,https://lichess.org/api/study/{roundId}.pgn
FIDE World Chess Championship 2023,fide-world-chess-championship-2023,wUaei606,2023-04-09 -- 2023-04-09,1,1,,? (1),True,https://lichess.org/broadcast/fide-world-chess-championship-2023/wUaei606,https://lichess.org/api/study/{roundId}.pgn
Tata Steel Masters 2023,tata-steel-masters-2023,1YsJS3PW,2023-01-14 -- 2023-01-29,91,13,,40/6000+30:20/3000+30:900+30 (91),True,https://lichess.org/broadcast/tata-steel-masters-2023/1YsJS3PW,https://lichess.org/api/study/{roundId}.pgn
Meltwater Champions Chess Tour Finals 2022,meltwater-champions-chess-tour-finals-2022,ZHyIdsWW,2022-11-14 -- 2022-11-20,98,7,,? (98),True,https://lichess.org/broadcast/meltwater-champions-chess-tour-finals-2022/ZHyIdsWW,https://lichess.org/api/study/{roundId}.pgn
Aimchess Rapid 2022 | Meltwater Champions Chess Tour,aimchess-rapid-2022--meltwater-champions-chess-tour,GcU1P6pg,2022-10-14 -- 2022-10-21,156,8,,? (156),True,https://lichess.org/broadcast/aimchess-rapid-2022--meltwater-champions-chess-tour/GcU1P6pg,https://lichess.org/api/study/{roundId}.pgn
Sinquefield Cup | Grand Chess Tour 2022,sinquefield-cup--grand-chess-tour-2022,7XjcrjaG,2022-09-02 -- 2022-09-11,42,10,,? (42),True,https://lichess.org/broadcast/sinquefield-cup--grand-chess-tour-2022/7XjcrjaG,https://lichess.org/api/study/{roundId}.pgn
44th Chess Olympiad 2022 | Open | Boards 1-40,44th-chess-olympiad-2022--open--boards-1-40,41uXOrqR,2022-07-29 -- 2022-08-08,440,11,,? (440),True,https://lichess.org/broadcast/44th-chess-olympiad-2022--open--boards-1-40/41uXOrqR,https://lichess.org/api/study/{roundId}.pgn
World Chess Championship 2021,world-chess-championship-2021,A6snaCgb,2021-11-26 -- 2021-12-10,11,11,,40/7200:20/3600:900+30 (11),True,https://lichess.org/broadcast/world-chess-championship-2021/A6snaCgb,https://lichess.org/api/study/{roundId}.pgn
